{"count":1,"self":220537.60532479998,"total":257739.903104,"children":{"InitializeActuators":{"count":1,"self":0.0020003,"total":0.0020003,"children":null},"InitializeSensors":{"count":1,"self":0.0060130999999999995,"total":0.0060130999999999995,"children":null},"AgentSendState":{"count":593884,"self":9.002372,"total":18.5162715,"children":{"CollectObservations":{"count":118777,"self":1.4039515999999999,"total":1.4039515999999999,"children":null},"WriteActionMask":{"count":118777,"self":0.8427298,"total":0.8427298,"children":null},"RequestDecision":{"count":118777,"self":2.2343319999999998,"total":7.2672178,"children":{"AgentInfo.ToProto":{"count":118777,"self":2.0539178,"total":5.0328859,"children":{"GenerateSensorData":{"count":118777,"self":2.978968,"total":2.9789681,"children":null}}}}}}},"DecideAction":{"count":593884,"self":37170.8428288,"total":37170.8414869,"children":null},"AgentAct":{"count":593884,"self":12.909300799999999,"total":12.9304138,"children":{"AgentInfo.ToProto":{"count":474,"self":0.0144392,"total":0.021113399999999997,"children":{"GenerateSensorData":{"count":474,"self":0.0066742,"total":0.0066742,"children":null}}}}},"AgentInfo.ToProto":{"count":283,"self":0.0055416,"total":0.0101617,"children":{"GenerateSensorData":{"count":283,"self":0.0046200999999999994,"total":0.0046200999999999994,"children":null}}}},"gauges":{"FoodAgent.CumulativeReward":{"count":757,"max":1.88100076,"min":-3.522962,"runningAverage":-0.296059817,"value":5.74835576E-06,"weightedAverage":-0.655714154}},"metadata":{"timer_format_version":"0.1.0","start_time_seconds":"1621462310","unity_version":"2019.4.22f1","command_line_arguments":"C:\/Program Files\/Unity\/Editor\/Unity.exe -projectpath D:\/Documentos_D\/LEIM\/Sem6\/IAV\/IAV_aulas -useHub -hubIPC -cloudEnvironment production -hubSessionId fdeb3cf0-b8ac-11eb-82d2-65238c29f4aa -accessToken Qzz9pjPUXaGlkff8zeUg58zn0EtwpDl2z0qPR7oZcN8006f","communication_protocol_version":"1.5.0","com.unity.ml-agents_version":"1.9.1-preview","scene_name":"SampleScene","end_time_seconds":"1621720050"}}