{
    "name": "root",
    "metadata": {
        "timer_format_version": "0.1.0",
        "start_time_seconds": "1619371240",
        "python_version": "3.8.3 (default, Jul  2 2020, 17:30:36) [MSC v.1916 64 bit (AMD64)]",
        "command_line_arguments": "D:\\Documentos_D\\LEIM\\Sem6\\IAV\\IAV_aulas\\venv\\Scripts\\mlagents-learn --force",
        "mlagents_version": "0.25.1",
        "mlagents_envs_version": "0.25.1",
        "communication_protocol_version": "1.5.0",
        "pytorch_version": "1.7.1+cu110",
        "numpy_version": "1.20.2",
        "end_time_seconds": "1619371271"
    },
    "total": 31.112477799999997,
    "count": 1,
    "self": 0.004379599999996486,
    "children": {
        "run_training.setup": {
            "total": 0.0345753000000002,
            "count": 1,
            "self": 0.0345753000000002
        },
        "TrainerController.start_learning": {
            "total": 31.0735229,
            "count": 1,
            "self": 0.04645029999997874,
            "children": {
                "TrainerController._reset_env": {
                    "total": 10.6722808,
                    "count": 1,
                    "self": 10.6722808
                },
                "TrainerController.advance": {
                    "total": 20.23466260000003,
                    "count": 1750,
                    "self": 0.021061599999946168,
                    "children": {
                        "env_step": {
                            "total": 20.213601000000082,
                            "count": 1750,
                            "self": 16.65309920000006,
                            "children": {
                                "SubprocessEnvManager._take_step": {
                                    "total": 3.5378672000000115,
                                    "count": 1750,
                                    "self": 0.10486069999995884,
                                    "children": {
                                        "TorchPolicy.evaluate": {
                                            "total": 3.4330065000000527,
                                            "count": 1734,
                                            "self": 1.4948018999999633,
                                            "children": {
                                                "TorchPolicy.sample_actions": {
                                                    "total": 1.9382046000000894,
                                                    "count": 1734,
                                                    "self": 1.9382046000000894
                                                }
                                            }
                                        }
                                    }
                                },
                                "workers": {
                                    "total": 0.022634600000010607,
                                    "count": 1749,
                                    "self": 0.0,
                                    "children": {
                                        "worker_root": {
                                            "total": 21.632246500000004,
                                            "count": 1749,
                                            "is_parallel": true,
                                            "self": 6.654310000000024,
                                            "children": {
                                                "steps_from_proto": {
                                                    "total": 0.0003188999999998998,
                                                    "count": 1,
                                                    "is_parallel": true,
                                                    "self": 0.0001294999999998936,
                                                    "children": {
                                                        "_process_rank_one_or_two_observation": {
                                                            "total": 0.00018940000000000623,
                                                            "count": 2,
                                                            "is_parallel": true,
                                                            "self": 0.00018940000000000623
                                                        }
                                                    }
                                                },
                                                "UnityEnvironment.step": {
                                                    "total": 14.97761759999998,
                                                    "count": 1749,
                                                    "is_parallel": true,
                                                    "self": 0.11352419999996499,
                                                    "children": {
                                                        "UnityEnvironment._generate_step_input": {
                                                            "total": 0.2603992999999569,
                                                            "count": 1749,
                                                            "is_parallel": true,
                                                            "self": 0.2603992999999569
                                                        },
                                                        "communicator.exchange": {
                                                            "total": 14.225456400000091,
                                                            "count": 1749,
                                                            "is_parallel": true,
                                                            "self": 14.225456400000091
                                                        },
                                                        "steps_from_proto": {
                                                            "total": 0.3782376999999677,
                                                            "count": 1749,
                                                            "is_parallel": true,
                                                            "self": 0.205840699999845,
                                                            "children": {
                                                                "_process_rank_one_or_two_observation": {
                                                                    "total": 0.1723970000001227,
                                                                    "count": 3498,
                                                                    "is_parallel": true,
                                                                    "self": 0.1723970000001227
                                                                }
                                                            }
                                                        }
                                                    }
                                                }
                                            }
                                        }
                                    }
                                }
                            }
                        }
                    }
                },
                "trainer_threads": {
                    "total": 3.339999999951715e-05,
                    "count": 1,
                    "self": 3.339999999951715e-05,
                    "children": {
                        "thread_root": {
                            "total": 0.0,
                            "count": 0,
                            "is_parallel": true,
                            "self": 0.0,
                            "children": {
                                "trainer_advance": {
                                    "total": 20.249816900000045,