{
    "name": "root",
    "gauges": {
        "FoodAgent.Policy.Entropy.mean": {
            "value": 2.6946163177490234,
            "min": 2.6946163177490234,
            "max": 2.6946163177490234,
            "count": 1
        },
        "FoodAgent.Policy.Entropy.sum": {
            "value": 26073.107421875,
            "min": 26073.107421875,
            "max": 26073.107421875,
            "count": 1
        },
        "FoodAgent.Policy.ExtrinsicValueEstimate.mean": {
            "value": -0.20790240168571472,
            "min": -0.20790240168571472,
            "max": -0.20790240168571472,
            "count": 1
        },
        "FoodAgent.Policy.ExtrinsicValueEstimate.sum": {
            "value": -43.24369812011719,
            "min": -43.24369812011719,
            "max": -43.24369812011719,
            "count": 1
        },
        "FoodAgent.Policy.GailValueEstimate.mean": {
            "value": 2.6112709045410156,
            "min": 2.6112709045410156,
            "max": 2.6112709045410156,
            "count": 1
        },
        "FoodAgent.Policy.GailValueEstimate.sum": {
            "value": 543.1443481445312,
            "min": 543.1443481445312,
            "max": 543.1443481445312,
            "count": 1
        },
        "FoodAgent.Environment.EpisodeLength.mean": {
            "value": 108.95454545454545,
            "min": 108.95454545454545,
            "max": 108.95454545454545,
            "count": 1
        },
        "FoodAgent.Environment.EpisodeLength.sum": {
            "value": 9588.0,
            "min": 9588.0,
            "max": 9588.0,
            "count": 1
        },
        "FoodAgent.Environment.CumulativeReward.mean": {
            "value": -0.24477010507179403,
            "min": -0.24477010507179403,
            "max": -0.24477010507179403,
            "count": 1
        },
        "FoodAgent.Environment.CumulativeReward.sum": {
            "value": -21.29499914124608,
            "min": -21.29499914124608,
            "max": -21.29499914124608,
            "count": 1
        },
        "FoodAgent.Policy.ExtrinsicReward.mean": {
            "value": -0.24477010507179403,
            "min": -0.24477010507179403,
            "max": -0.24477010507179403,
            "count": 1
        },
        "FoodAgent.Policy.ExtrinsicReward.sum": {
            "value": -21.29499914124608,
            "min": -21.29499914124608,
            "max": -21.29499914124608,
            "count": 1
        },
        "FoodAgent.Policy.GailReward.mean": {
            "value": 23.308480758947887,
            "min": 23.308480758947887,
            "max": 23.308480758947887,
            "count": 1
        },
        "FoodAgent.Policy.GailReward.sum": {
            "value": 2027.8378260284662,
            "min": 2027.8378260284662,
            "max": 2027.8378260284662,
            "count": 1
        },
        "FoodAgent.Losses.PolicyLoss.mean": {
            "value": 0.046680084303564705,
            "min": 0.046680084303564705,
            "max": 0.046680084303564705,
            "count": 1
        },
        "FoodAgent.Losses.PolicyLoss.sum": {
            "value": 0.4201207587320823,
            "min": 0.4201207587320823,
            "max": 0.4201207587320823,
            "count": 1
        },
        "FoodAgent.Losses.ValueLoss.mean": {
            "value": 9.4731317670257,
            "min": 9.4731317670257,
            "max": 9.4731317670257,
            "count": 1
        },
        "FoodAgent.Losses.ValueLoss.sum": {
            "value": 85.25818590323131,
            "min": 85.25818590323131,
            "max": 85.25818590323131,
            "count": 1
        },
        "FoodAgent.Policy.LearningRate.mean": {
            "value": 0.00028462153845948884,
            "min": 0.00028462153845948884,
            "max": 0.00028462153845948884,
            "count": 1
        },
        "FoodAgent.Policy.LearningRate.sum": {
            "value": 0.0025615938461353996,
            "min": 0.0025615938461353996,
            "max": 0.0025615938461353996,
            "count": 1
        },
        "FoodAgent.Policy.Epsilon.mean": {
            "value": 0.19487384444444444,
            "min": 0.19487384444444444,
            "max": 0.19487384444444444,
            "count": 1
        },
        "FoodAgent.Policy.Epsilon.sum": {
            "value": 1.7538646,
            "min": 1.7538646,
            "max": 1.7538646,
            "count": 1
        },
        "FoodAgent.Policy.Beta.mean": {
            "value": 0.00047488183777777784,
            "min": 0.00047488183777777784,
            "max": 0.00047488183777777784,
            "count": 1
        },
        "FoodAgent.Policy.Beta.sum": {
            "value": 0.00427393654,
            "min": 0.00427393654,
            "max": 0.00427393654,
            "count": 1
        },
        "FoodAgent.Policy.GAILPolicyEstimate.mean": {
            "value": 0.4687525729338328,
            "min": 0.4687525729338328,
            "max": 0.4687525729338328,
            "count": 1
        },
        "FoodAgent.Policy.GAILPolicyEstimate.sum": {
            "value": 4.218773156404495,
            "min": 4.218773156404495,
            "max": 4.218773156404495,
            "count": 1
        },
        "FoodAgent.Policy.GAILExpertEstimate.mean": {
            "value": 0.5618403129003666,
            "min": 0.5618403129003666,
            "max": 0.5618403129003666,
            "count": 1
        },
        "FoodAgent.Policy.GAILExpertEstimate.sum": {
            "value": 5.056562816103299,
            "min": 5.056562816103299,
            "max": 5.056562816103299,
            "count": 1
        },
        "FoodAgent.Losses.GAILLoss.mean": {
            "value": 1.3876378834247591,
            "min": 1.3876378834247591,
            "max": 1.3876378834247591,
            "count": 1
        },
        "FoodAgent.Losses.GAILLoss.sum": {
            "value": 12.488740950822832,
            "min": 12.488740950822832,
            "max": 12.488740950822832,
            "count": 1
        },
        "FoodAgent.Policy.GAILGradMagLoss.mean": {
            "value": 5.767580257521735,
            "min": 5.767580257521735,
            "max": 5.767580257521735,
            "count": 1
        },
        "FoodAgent.Policy.GAILGradMagLoss.sum": {
            "value": 51.90822231769562,
            "min": 51.90822231769562,
            "max": 51.90822231769562,
            "count": 1
        },
        "FoodAgent.IsTraining.mean": {
            "value": 1.0,
            "min": 1.0,
            "max": 1.0,
            "count": 1
        },
        "FoodAgent.IsTraining.sum": {
            "value": 1.0,
            "min": 1.0,
            "max": 1.0,
            "count": 1
        }
    },
    "metadata": {
        "timer_format_version": "0.1.0",
        "start_time_seconds": "1621762569",
        "python_version": "3.8.3 (default, Jul  2 2020, 17:30:36) [MSC v.1916 64 bit (AMD64)]",
        "command_line_arguments": "D:\\Documentos_D\\LEIM\\Sem6\\IAV\\IAV_aulas\\venv\\Scripts\\mlagents-learn config\\FoodAgent.yaml --run-id=TesteFood3 --resume",
        "mlagents_version": "0.25.1",
        "mlagents_envs_version": "0.25.1",
        "communication_protocol_version": "1.5.0",
        "pytorch_version": "1.7.1+cu110",
        "numpy_version": "1.20.2",
        "end_time_seconds": "1621762730"
    },
    "total": 161.098723,
    "count": 1,
    "self": 0.0075681000000145104,
    "children": {
        "run_training.setup": {
            "total": 0.10189209999999993,
            "count": 1,
            "self": 0.10189209999999993
        },
        "TrainerController.start_learning": {
            "total": 160.9892628,
            "count": 1,
            "self": 0.3087491999996814,
            "children": {
                "TrainerController._reset_env": {
                    "total": 10.4387592,
                    "count": 1,
                    "self": 9.236142699999998,