{
    "name": "root",
    "gauges": {
        "FoodAgent.Policy.Entropy.mean": {
            "value": 1.1641356945037842,
            "min": 1.0777169466018677,
            "max": 1.1641356945037842,
            "count": 2
        },
        "FoodAgent.Policy.Entropy.sum": {
            "value": 11622.73046875,
            "min": 5414.4501953125,
            "max": 11622.73046875,
            "count": 2
        },
        "FoodAgent.Environment.EpisodeLength.mean": {
            "value": 82.6910569105691,
            "min": 66.65,
            "max": 82.6910569105691,
            "count": 2
        },
        "FoodAgent.Environment.EpisodeLength.sum": {
            "value": 10171.0,
            "min": 3999.0,
            "max": 10171.0,
            "count": 2
        },
        "FoodAgent.Policy.ExtrinsicValueEstimate.mean": {
            "value": 0.33711087703704834,
            "min": 0.33711087703704834,
            "max": 0.41776546835899353,
            "count": 2
        },
        "FoodAgent.Policy.ExtrinsicValueEstimate.sum": {
            "value": 75.84994506835938,
            "min": 45.11867141723633,
            "max": 75.84994506835938,
            "count": 2
        },
        "FoodAgent.Policy.GailValueEstimate.mean": {
            "value": 0.0002747747639659792,
            "min": 0.0002747747639659792,
            "max": 0.004334484692662954,
            "count": 2
        },
        "FoodAgent.Policy.GailValueEstimate.sum": {
            "value": 0.06182432174682617,
            "min": 0.06182432174682617,
            "max": 0.4681243598461151,
            "count": 2
        },
        "FoodAgent.Environment.CumulativeReward.mean": {
            "value": 0.8099431120222662,
            "min": 0.6655593643880496,
            "max": 0.8099431120222662,
            "count": 2
        },
        "FoodAgent.Environment.CumulativeReward.sum": {
            "value": 99.62300277873874,
            "min": 39.26800249889493,
            "max": 99.62300277873874,
            "count": 2
        },
        "FoodAgent.Policy.ExtrinsicReward.mean": {
            "value": 0.8099431120222662,
            "min": 0.6655593643880496,
            "max": 0.8099431120222662,
            "count": 2
        },
        "FoodAgent.Policy.ExtrinsicReward.sum": {
            "value": 99.62300277873874,
            "min": 39.26800249889493,
            "max": 99.62300277873874,
            "count": 2
        },
        "FoodAgent.Policy.GailReward.mean": {
            "value": 0.0,
            "min": 0.0,
            "max": 0.0,
            "count": 2
        },
        "FoodAgent.Policy.GailReward.sum": {
            "value": 0.0,
            "min": 0.0,
            "max": 0.0,
            "count": 2
        },
        "FoodAgent.Losses.PolicyLoss.mean": {
            "value": 0.04572243825855873,
            "min": 0.0411509388165238,
            "max": 0.04572243825855873,
            "count": 2
        },
        "FoodAgent.Losses.PolicyLoss.sum": {
            "value": 0.4115019443270285,
            "min": 0.1646037552660952,
            "max": 0.4115019443270285,
            "count": 2
        },
        "FoodAgent.Losses.ValueLoss.mean": {
            "value": 0.09975186514633674,
            "min": 0.09975186514633674,
            "max": 0.11303918622434139,
            "count": 2
        },
        "FoodAgent.Losses.ValueLoss.sum": {
            "value": 0.8977667863170307,
            "min": 0.45215674489736557,
            "max": 0.8977667863170307,
            "count": 2
        },
        "FoodAgent.Policy.LearningRate.mean": {
            "value": 5.396942433844444e-05,
            "min": 5.396942433844444e-05,
            "max": 6.230498961584997e-05,
            "count": 2
        },
        "FoodAgent.Policy.LearningRate.sum": {
            "value": 0.00048572481904599995,
            "min": 0.00024921995846339986,
            "max": 0.00048572481904599995,
            "count": 2
        },
        "FoodAgent.Policy.Epsilon.mean": {
            "value": 0.1089948888888889,
            "min": 0.1089948888888889,
            "max": 0.11038415000000001,
            "count": 2
        },
        "FoodAgent.Policy.Epsilon.sum": {
            "value": 0.9809540000000001,
            "min": 0.44153660000000006,
            "max": 0.9809540000000001,
            "count": 2
        },
        "FoodAgent.Policy.Beta.mean": {
            "value": 5.4074955555555544e-05,
            "min": 5.4074955555555544e-05,
            "max": 6.0882334999999994e-05,
            "count": 2
        },
        "FoodAgent.Policy.Beta.sum": {
            "value": 0.0004866745999999999,
            "min": 0.00024352933999999998,
            "max": 0.0004866745999999999,
            "count": 2
        },
        "FoodAgent.Policy.GAILPolicyEstimate.mean": {
            "value": 0.36847890830702246,
            "min": 0.36847890830702246,
            "max": 0.39053616362313426,
            "count": 2
        },
        "FoodAgent.Policy.GAILPolicyEstimate.sum": {
            "value": 3.3163101747632022,
            "min": 1.562144654492537,
            "max": 3.3163101747632022,
            "count": 2
        },
        "FoodAgent.Policy.GAILExpertEstimate.mean": {
            "value": 0.5940054323938158,
            "min": 0.5830204822123051,
            "max": 0.5940054323938158,
            "count": 2
        },
        "FoodAgent.Policy.GAILExpertEstimate.sum": {
            "value": 5.346048891544342,
            "min": 2.3320819288492203,
            "max": 5.346048891544342,
            "count": 2
        },
        "FoodAgent.Losses.GAILLoss.mean": {
            "value": 1.0632435773257858,
            "min": 1.0632435773257858,
            "max": 1.1079388409852982,
            "count": 2
        },
        "FoodAgent.Losses.GAILLoss.sum": {
            "value": 9.569192195932072,
            "min": 4.431755363941193,
            "max": 9.569192195932072,
            "count": 2
        },
        "FoodAgent.Policy.GAILGradMagLoss.mean": {
            "value": 0.24380171119614882,
            "min": 0.2201256770640612,
            "max": 0.24380171119614882,
            "count": 2
        },
        "FoodAgent.Policy.GAILGradMagLoss.sum": {
            "value": 2.1942154007653394,
            "min": 0.8805027082562448,
            "max": 2.1942154007653394,
            "count": 2
        },
        "FoodAgent.IsTraining.mean": {
            "value": 1.0,
            "min": 1.0,
            "max": 1.0,
            "count": 2
        },
        "FoodAgent.IsTraining.sum": {
            "value": 1.0,
            "min": 1.0,
            "max": 1.0,
            "count": 2
        }
    },
    "metadata": {
        "timer_format_version": "0.1.0",
        "start_time_seconds": "1621766344",
        "python_version": "3.8.3 (default, Jul  2 2020, 17:30:36) [MSC v.1916 64 bit (AMD64)]",
        "command_line_arguments": "D:\\Documentos_D\\LEIM\\Sem6\\IAV\\IAV_aulas\\venv\\Scripts\\mlagents-learn config\\FoodAgent.yaml --run-id=TesteFood5 --resume",
        "mlagents_version": "0.25.1",
        "mlagents_envs_version": "0.25.1",
        "communication_protocol_version": "1.5.0",
        "pytorch_version": "1.7.1+cu110",
        "numpy_version": "1.20.2",
        "end_time_seconds": "1621766381"
    },
    "total": 36.9147514,
    "count": 1,
    "self": 0.005890100000002008,
    "children": {
        "run_training.setup": {
            "total": 0.10249039999999998,
            "count": 1,
            "self": 0.10249039999999998
        },
        "TrainerController.start_learning": {
            "total": 36.8063709,
            "count": 1,
            "self": 0.045397600000036675,
            "children": {
                "TrainerController._reset_env": {
                    "total": 6.0971338,
                    "count": 1,
                    "self": 4.8883945,